Product,URL,ProductURL
2020 Outlook,https://admin.chi.v6.pressero.com/site/globalx.gsbskyportal.com/Products/Edit/2c99a282-c7e5-47c7-815e-5a75558f7d38,2020Outlook
5G Accelerates IoT,https://admin.chi.v6.pressero.com/site/globalx.gsbskyportal.com/Products/Edit/b86d3820-517f-4d9d-b428-21ed92c66626,5GAcceleratesIoT
AI & Big Data - Future of the Digital World,https://admin.chi.v6.pressero.com/site/globalx.gsbskyportal.com/Products/Edit/6ad8deaa-0a9d-44c3-acbf-50e8c331279d,AIBigDataFutureoftheDigitalWorld
AIQ - Artificial Intelligence & Technology ETF,https://admin.chi.v6.pressero.com/site/globalx.gsbskyportal.com/Products/Edit/ec4b5c41-c5a7-4543-b8dd-1809ac02c2b6,ArtificialIntelligenceTechnologyETF
AIQ - Future Analytics Tech ETF Index Methodology,https://admin.chi.v6.pressero.com/site/globalx.gsbskyportal.com/Products/Edit/f5d685c5-751c-4f59-889f-4451c1f29ec2,AIQIndexMethodology
ALTY - SuperDividend Alternatives ETF Index Methodology,https://admin.chi.v6.pressero.com/site/globalx.gsbskyportal.com/Products/Edit/dd8a712d-8a56-4865-b071-c1125e90085e,ALTYIndexMethodology
ALTY - SuperDividend® Alternatives ETF,https://admin.chi.v6.pressero.com/site/globalx.gsbskyportal.com/Products/Edit/3937f2bb-aa81-49c7-aac7-0eac8b52bdf6,SuperDividendAlternativesETF
An Infrastructure Plan for the 21st Century,https://admin.chi.v6.pressero.com/site/globalx.gsbskyportal.com/Products/Edit/d4b07c85-d5ff-4909-9198-5b0d0068f4b2,AnInfrastructurePlanforthe21stCentury
ARGT - MSCI Argentina ETF,https://admin.chi.v6.pressero.com/site/globalx.gsbskyportal.com/Products/Edit/55ad47f3-66fd-4ca7-9e3b-b3c838598c7d,MSCIArgentinaETF
ASEA - FTSE Southeast Asia ETF,https://admin.chi.v6.pressero.com/site/globalx.gsbskyportal.com/Products/Edit/d6eef0cb-bd05-49dc-aa62-fdefdef60ff1,FTSESoutheastAsiaETF
AUSF - Adaptive U.S. Factor ETF,https://admin.chi.v6.pressero.com/site/globalx.gsbskyportal.com/Products/Edit/29aa3e7d-4f5f-4685-a17a-1070c4821e7b,AdaptiveUSFactorETF
Beyond Baby Boomers - Survey,https://admin.chi.v6.pressero.com/site/globalx.gsbskyportal.com/Products/Edit/d00b0000-569f-0050-1cd2-08d69752d376,BeyondBabyBoomersSurvey
BFIT - Health & Wellness Thematic ETF,https://admin.chi.v6.pressero.com/site/globalx.gsbskyportal.com/Products/Edit/d00b0000-569f-0050-47c8-08d6974433a9,HealthWellnessThematicETF
BFIT - Health & Wellness Thematic ETF Index Methodology,https://admin.chi.v6.pressero.com/site/globalx.gsbskyportal.com/Products/Edit/af53bcc1-0804-4741-aac8-49fe0fa43d38,BFITIndexMethodology
BOSS - Founder-Run Companies ETF,https://admin.chi.v6.pressero.com/site/globalx.gsbskyportal.com/Products/Edit/d8318013-f2ef-4226-8dbd-ff6e65f6024d,FounderRunCompaniesETF
BOTZ - Robotics & Artificial Intelligence ETF,https://admin.chi.v6.pressero.com/site/globalx.gsbskyportal.com/Products/Edit/e374a20c-0685-4e2f-97dc-a0f297190a3b,RoboticsArtificialIntelligenceETF
BOTZ - Robotics & Artificial Intelligence ETF Index Methodology,https://admin.chi.v6.pressero.com/site/globalx.gsbskyportal.com/Products/Edit/86779106-5bb5-4df5-93e9-399ad8dc6537,BOTZIndexMethodology
BUG - Cybersecurity ETF,https://admin.chi.v6.pressero.com/site/globalx.gsbskyportal.com/Products/Edit/5cb8b88a-10b3-4ca9-945d-ed34c9521609,BUGCybersecurityETF
BUG - Cybersecurity ETF Index Methodology,https://admin.chi.v6.pressero.com/site/globalx.gsbskyportal.com/Products/Edit/b1ce42d7-3e5a-4f8a-b560-a8b78f0facfe,BUGCybersecurityETFIndexMethodology
Can Growth and Regulation Coexist for Big Tech?,https://admin.chi.v6.pressero.com/site/globalx.gsbskyportal.com/Products/Edit/9e62ab8b-2fe4-4612-b527-997d7c068cea,CanGrowthandRegulationCoexistforBigTech
CATH - S&P 500 Catholic Values ETF,https://admin.chi.v6.pressero.com/site/globalx.gsbskyportal.com/Products/Edit/3d51dc73-a1dc-4286-b259-750c1d5c8c9b,SP500CatholicValuesETF
CATH - S&P 500 Catholic Values ETF Index Methodology,https://admin.chi.v6.pressero.com/site/globalx.gsbskyportal.com/Products/Edit/96985141-c7d0-4851-a0ac-4c4eaae7b1d5,CATHIndexMethodology
CATH Investment Case,https://admin.chi.v6.pressero.com/site/globalx.gsbskyportal.com/Products/Edit/d00b0000-569f-0050-60a6-08d69740aab7,CATHInvestmentCase
CEFA - Catholic Value Developed ex-U.S. ETF,https://admin.chi.v6.pressero.com/site/globalx.gsbskyportal.com/Products/Edit/7ddd8ccf-1ea5-4115-a91a-25add00ed0fd,CatholicValueDevelopedExUSETF
CHIC - MSCI China Communication Services ETF,https://admin.chi.v6.pressero.com/site/globalx.gsbskyportal.com/Products/Edit/89b71ce9-f559-49f0-a186-6530b0695ead,MSCIChinaCommunicationServicesETF
CHIE - MSCI China Energy ETF,https://admin.chi.v6.pressero.com/site/globalx.gsbskyportal.com/Products/Edit/70364352-2be6-4e47-91ec-a31a1c56bd44,MSCIChinaEnergyETF
CHIH - MSCI China Health Care ETF,https://admin.chi.v6.pressero.com/site/globalx.gsbskyportal.com/Products/Edit/6835a822-6b75-4fbf-830e-d7217ea8efdd,MSCIChinaHealthCareETF
CHII - MSCI China Industrials ETF,https://admin.chi.v6.pressero.com/site/globalx.gsbskyportal.com/Products/Edit/754e4891-ef11-4c65-b8b2-6f8dae4a9bc5,MSCIChinaIndustrialsETF
CHIK - MSCI China Information Technology ETF,https://admin.chi.v6.pressero.com/site/globalx.gsbskyportal.com/Products/Edit/8314677d-ffb3-45d7-b1b1-6ceacfb1acf1,MSCIChinaInformationTechnologyETF
CHIL - MSCI China Large-Cap 50  ETF,https://admin.chi.v6.pressero.com/site/globalx.gsbskyportal.com/Products/Edit/231421f2-fb63-4fe8-b928-4224971c6820,MSCIChinaLargeCap50ETF
CHIM - MSCI China Materials ETF,https://admin.chi.v6.pressero.com/site/globalx.gsbskyportal.com/Products/Edit/eba4fdea-bfcd-4d16-b131-ddfe048cd6ac,MSCIChinaMaterialsETF
CHIQ - MSCI China Consumer Discretionary ETF,https://admin.chi.v6.pressero.com/site/globalx.gsbskyportal.com/Products/Edit/f99d96cc-1939-4fb2-9311-857ee20f3468,MSCIChinaConsumerDiscretionaryETF
CHIQ - MSCI China Consumer Discretionary ETF Index Methodology,https://admin.chi.v6.pressero.com/site/globalx.gsbskyportal.com/Products/Edit/e776dd32-d622-42a8-ab00-f34d0e215384,CHIQIndexMethodology
CHIR - MSCI China Real Estate ETF,https://admin.chi.v6.pressero.com/site/globalx.gsbskyportal.com/Products/Edit/20b85afc-5d07-4bb5-9541-cae0f1274fe2,MSCIChinaRealEstateETF
CHIS - MSCI China Consumer Staples ETF,https://admin.chi.v6.pressero.com/site/globalx.gsbskyportal.com/Products/Edit/64d84ce0-906c-4871-b857-2b0fff2e8284,MSCIChinaConsumerStaplesETF
CHIU - MSCI China Utilities ETF,https://admin.chi.v6.pressero.com/site/globalx.gsbskyportal.com/Products/Edit/73c2b408-7c09-4159-8df6-82570078259e,MSCIChinaUtilitiesETF
CHIX - MSCI China Financials ETF,https://admin.chi.v6.pressero.com/site/globalx.gsbskyportal.com/Products/Edit/c504050a-d936-4f37-bc29-a0fc775b758b,MSCIChinaFinancialsETF
CLOU - Cloud Computing ETF,https://admin.chi.v6.pressero.com/site/globalx.gsbskyportal.com/Products/Edit/fc787b8c-097c-453d-b1f5-97c53bc36828,CLOUCloudComputingETF
CLOU - Cloud Computing ETF Index Methodology,https://admin.chi.v6.pressero.com/site/globalx.gsbskyportal.com/Products/Edit/58d3f6f6-95cf-4ab6-aba3-e35cef02725d,CLOUIndexMethodology
Connecting The Internet of Things - Infographic ,https://admin.chi.v6.pressero.com/site/globalx.gsbskyportal.com/Products/Edit/947021f6-8eb0-4d26-b7c0-67c7c17ab02f,ConnectingTheInternetofThingsInfographic
Conscious Companies Delivering More Than Good Vibes,https://admin.chi.v6.pressero.com/site/globalx.gsbskyportal.com/Products/Edit/4618344e-d9a2-4426-9c9b-f3593be0a420,ConsciousCompaniesDeliveringMoreThanGoodVibes
Consumer Adoption of Disruptive Technologies,https://admin.chi.v6.pressero.com/site/globalx.gsbskyportal.com/Products/Edit/f9d0567c-d9c8-425a-bb8f-99d4b668f736,ConsumerAdoptionofDisruptiveTechnologies
COPX - Copper Miners ETF,https://admin.chi.v6.pressero.com/site/globalx.gsbskyportal.com/Products/Edit/e649ed2c-12aa-407b-8a34-011fd050269c,CopperMinersETF
COPX - Copper Miners ETF Index Methodology,https://admin.chi.v6.pressero.com/site/globalx.gsbskyportal.com/Products/Edit/a280bf15-0b1d-4b84-93f8-47f0de76376c,COPXIndexMethodology
DAX - DAX Germany ETF,https://admin.chi.v6.pressero.com/site/globalx.gsbskyportal.com/Products/Edit/37a1c7f2-6e6b-4d2b-9246-b7d31caddd93,DAXGermanyETF
Digging into Floating & Variable Rate Preferreds,https://admin.chi.v6.pressero.com/site/globalx.gsbskyportal.com/Products/Edit/f3fc01d4-4db1-47ff-9482-b145b58fe418,DiggingintoFloatingVariableRatePreferreds
DIV - SuperDividend U.S. ETF Index Methodology,https://admin.chi.v6.pressero.com/site/globalx.gsbskyportal.com/Products/Edit/dce14a95-91ae-406f-8073-d7db62d4285f,DIVIndexMethodology
DIV - SuperDividend® U.S. ETF,https://admin.chi.v6.pressero.com/site/globalx.gsbskyportal.com/Products/Edit/627ef8c1-709b-4ef8-84ba-a5cd5b4c5c37,SuperDividendUSETF
DIV Investment Case,https://admin.chi.v6.pressero.com/site/globalx.gsbskyportal.com/Products/Edit/e255a83e-c95a-4b13-b7f0-c11bf46516e8,DIVInvestmentCase
DRIV - Autonomous & Electric Vehicles ETF,https://admin.chi.v6.pressero.com/site/globalx.gsbskyportal.com/Products/Edit/90de48bb-3836-4d51-a095-3acf11f7965d,AutonomousElectricVehiclesETF
DRIV - Autonomous & Electric Vehicles ETF Index Methodology,https://admin.chi.v6.pressero.com/site/globalx.gsbskyportal.com/Products/Edit/26158e44-d2f5-4dba-a902-f0c5fc36b4ba,DRIVIndexMethodology
EBIZ - E-Commerce ETF,https://admin.chi.v6.pressero.com/site/globalx.gsbskyportal.com/Products/Edit/cf4377c2-5bc5-4864-8a7b-fdf858b16f92,ECommerceETF
EBIZ - E-Commerce ETF Index Methodology,https://admin.chi.v6.pressero.com/site/globalx.gsbskyportal.com/Products/Edit/430ac736-52c7-432f-9d42-c11d2bf6bb53,EBIZIndexMethodology
EDOC - Telemedicine & Digital Health ETF,https://admin.chi.v6.pressero.com/site/globalx.gsbskyportal.com/Products/Edit/7e1d7f8a-1a80-4925-9890-db3b7cf43000,TelemedicineDigitalHealthETF
EFAS - MSCI SuperDividend® EAFE ETF,https://admin.chi.v6.pressero.com/site/globalx.gsbskyportal.com/Products/Edit/1277d7d2-d864-48fc-9a08-1db07cbf4ec5,MSCISuperDividendEAFEETF
Electric Car Timeline - Infographic,https://admin.chi.v6.pressero.com/site/globalx.gsbskyportal.com/Products/Edit/e215730d-484d-42be-ac14-6259ed67929c,ElectricCarTimelineInfographic
EMBD - Emerging Markets Bond ETF,https://admin.chi.v6.pressero.com/site/globalx.gsbskyportal.com/Products/Edit/0c9e7d31-553f-4327-8db0-b0bb66249853,EmergingMarketsBondETF
EMFM - MSCI Next Emerging & Frontier ETF,https://admin.chi.v6.pressero.com/site/globalx.gsbskyportal.com/Products/Edit/bb647d40-ad34-4f95-ac02-077640ea9e8a,MSCINextEmergingFrontierETF
EMFM - MSCI Next Emerging & Frontier ETF Index Methodology,https://admin.chi.v6.pressero.com/site/globalx.gsbskyportal.com/Products/Edit/216c2f46-30ca-4665-aefc-0de081911ab5,EMFMIndexMethodology
Exploring FinTech and Its Growth - Infographic,https://admin.chi.v6.pressero.com/site/globalx.gsbskyportal.com/Products/Edit/ae5e4ff3-077e-4feb-8d70-d7d2816c2b82,ExploringFinTechandItsGrowthInfographic
Exploring Global Longevity - Infographic ,https://admin.chi.v6.pressero.com/site/globalx.gsbskyportal.com/Products/Edit/bc3838b3-6c34-4a47-b44d-5b9d3eaea964,ExploringGlobalLongevityInfographic
FinTech Trends: M&A and Mobile Payments Driving Recent Growth,https://admin.chi.v6.pressero.com/site/globalx.gsbskyportal.com/Products/Edit/cbaf4f84-838d-4f99-a136-90cd9380c1df,FinTechTrendsMAandMobilePaymentsDrivingRecentGrowth
FINX - FinTech ETF,https://admin.chi.v6.pressero.com/site/globalx.gsbskyportal.com/Products/Edit/b00fe13e-38ed-4675-94e3-4df901762c1f,FinTechETF
FINX - FinTech ETF Index Methodology,https://admin.chi.v6.pressero.com/site/globalx.gsbskyportal.com/Products/Edit/3ee21e91-a1f2-402b-9447-11428a55d9aa,FINXIndexMethodology
Fund Map,https://admin.chi.v6.pressero.com/site/globalx.gsbskyportal.com/Products/Edit/35f77ef6-fe76-4dee-a444-6da19359f0a2,FundMap
Fund Map - LPL,https://admin.chi.v6.pressero.com/site/globalx.gsbskyportal.com/Products/Edit/65d6f08e-bb3a-4150-9691-946091ca9a69,FundMapLPL
Fund Map - Merrill Lynch,https://admin.chi.v6.pressero.com/site/globalx.gsbskyportal.com/Products/Edit/16cf327a-dda5-4c11-a0a0-3eaed8afc73c,FundMapMerrillLynch
Fund Map - Morgan Stanley ,https://admin.chi.v6.pressero.com/site/globalx.gsbskyportal.com/Products/Edit/8de6ce4f-8147-4df1-87b2-ec0d64fc5396,FundMapMorganStanley
Fund Map - UBS ,https://admin.chi.v6.pressero.com/site/globalx.gsbskyportal.com/Products/Edit/f612a57d-b354-43a0-a976-9ffe56b06fdf,FundMapUBS
Global X Folder,https://admin.chi.v6.pressero.com/site/globalx.gsbskyportal.com/Products/Edit/d00b0000-569f-0050-bffc-08d697576527,GlobalXFolder
Global X Income Monitor,https://admin.chi.v6.pressero.com/site/globalx.gsbskyportal.com/Products/Edit/27dee57a-2286-4947-ac3c-35cf6c17e89f,GlobalXIncomeMonitor
Global X Sales Territory Map,https://admin.chi.v6.pressero.com/site/globalx.gsbskyportal.com/Products/Edit/fc033be0-d613-468d-b89b-b02629319794,GlobalXSalesTerritoryMap
GNOM - Genomics & Biotechnology ETF,https://admin.chi.v6.pressero.com/site/globalx.gsbskyportal.com/Products/Edit/c65f4e14-2ce7-4ce9-ad49-0056c521e114,GNOMGenomicsBiotechnologyETF
GNOM - Genomics & Biotechnology ETF Index Methodology,https://admin.chi.v6.pressero.com/site/globalx.gsbskyportal.com/Products/Edit/0955bc15-bb9e-4117-afc2-a29b47078c9d,GNOMIndexMethodology
GOEX - Gold Explorers ETF,https://admin.chi.v6.pressero.com/site/globalx.gsbskyportal.com/Products/Edit/51ffdc34-6658-4855-8412-caa9ec136d28,GoldExplorersETF
GOEX - Gold Explorers ETF Index Methodology,https://admin.chi.v6.pressero.com/site/globalx.gsbskyportal.com/Products/Edit/93a0507f-7563-46b1-981a-760b35dca534,GOEXIndexMethodology
GREK - MSCI Greece ETF,https://admin.chi.v6.pressero.com/site/globalx.gsbskyportal.com/Products/Edit/f71e5b25-f09c-4408-b706-ae95bc1498dc,MSCIGreeceETF
GURU - Guru Index ETF,https://admin.chi.v6.pressero.com/site/globalx.gsbskyportal.com/Products/Edit/92533acc-d6fe-4d49-ba98-80fac652cea5,GuruIndexETF
GURU Investment Case,https://admin.chi.v6.pressero.com/site/globalx.gsbskyportal.com/Products/Edit/ae5d05c6-a347-44ff-ba5e-6278f05fadb5,GURUInvestmentCase
GXF - FTSE Nordic Region ETF,https://admin.chi.v6.pressero.com/site/globalx.gsbskyportal.com/Products/Edit/092cc00e-8bc1-4fcb-ad80-c25ef2fbab7e,FTSENordicRegionETF
GXG - MSCI Colombia ETF,https://admin.chi.v6.pressero.com/site/globalx.gsbskyportal.com/Products/Edit/5ed92996-ac9e-4158-bf28-ee7a51c583ee,MSCIColombiaETF
GXTG - Thematic Growth ETF,https://admin.chi.v6.pressero.com/site/globalx.gsbskyportal.com/Products/Edit/7fcb9444-4fb1-4502-8813-6c25b22d0430,GXTGThematicGrowthETF
GXTG - Thematic Growth ETF Index Methodology,https://admin.chi.v6.pressero.com/site/globalx.gsbskyportal.com/Products/Edit/7658ae9b-9b1a-4a8d-8720-ba7dd7e4e610,GXTGIndexMethodology
HERO - Video Games & Esports ETF,https://admin.chi.v6.pressero.com/site/globalx.gsbskyportal.com/Products/Edit/bc1e0000-569f-0050-f84d-08d75efb84b9,HEROVideoGamesEsportsETF
HERO - Video Games & Esports ETF Index Methodology,https://admin.chi.v6.pressero.com/site/globalx.gsbskyportal.com/Products/Edit/f39fca7d-99aa-4d67-aeb6-565131d23e91,HEROIndexMethodology
HSPX - S&P 500 Covered Call ETF,https://admin.chi.v6.pressero.com/site/globalx.gsbskyportal.com/Products/Edit/0fcd50a2-cbd1-48e6-af89-e96a7d66b9cc,SP500CoveredCallETF
HSPX - S&P 500 Covered Call ETF Index Methodology,https://admin.chi.v6.pressero.com/site/globalx.gsbskyportal.com/Products/Edit/d0bb1de5-dd4b-43f2-aa62-210472fa452a,HSPXIndexMethodology
Introducing Global X Cannabis ETF (POTX),https://admin.chi.v6.pressero.com/site/globalx.gsbskyportal.com/Products/Edit/9aa3740d-7375-43a7-8350-9b7727eb5cf3,IntroducingGlobalXCannabisETFPOTX
Investing in Tomorrow Whitepaper 2020,https://admin.chi.v6.pressero.com/site/globalx.gsbskyportal.com/Products/Edit/9fe3043f-7099-47a8-90a3-ef115f1d2a67,InvestinginTomorrowWhitepaper2020
Key Trends in the Robotics Industry,https://admin.chi.v6.pressero.com/site/globalx.gsbskyportal.com/Products/Edit/f6a44f5a-33fb-4315-a622-146661f9c815,KeyTrendsintheRoboticsIndustry
KRMA - Conscious Companies ETF,https://admin.chi.v6.pressero.com/site/globalx.gsbskyportal.com/Products/Edit/de5e5884-b509-4756-b73c-67d500bcec2e,ConsciousCompaniesETF
KRMA - Conscious Companies ETF Index Methodology,https://admin.chi.v6.pressero.com/site/globalx.gsbskyportal.com/Products/Edit/6be8c3dc-4a3a-41c9-af1e-305369af673f,KRMAIndexMethodology
Leading Companies in Robotics Development,https://admin.chi.v6.pressero.com/site/globalx.gsbskyportal.com/Products/Edit/348f859c-ba30-46b0-90d8-7ca8ae023ae4,LeadingCompaniesinRoboticsDevelopment
LIT - Lithium & Battery Tech ETF,https://admin.chi.v6.pressero.com/site/globalx.gsbskyportal.com/Products/Edit/fc4ad534-6810-4aec-93b0-b4b87687f552,LithiumBatteryTechETF
LIT - Lithium & Battery Tech ETF Index Methodology,https://admin.chi.v6.pressero.com/site/globalx.gsbskyportal.com/Products/Edit/a666c1e6-5ec3-4d22-9493-b8da91226e35,LITIndexMethodology
LNGR - Longevity Thematic ETF,https://admin.chi.v6.pressero.com/site/globalx.gsbskyportal.com/Products/Edit/3295c8ee-f0e0-4941-8855-a461ba885155,LongevityThematicETF
LNGR - Longevity Thematic ETF Index Methodology,https://admin.chi.v6.pressero.com/site/globalx.gsbskyportal.com/Products/Edit/8ddcf798-bc9d-4832-ade5-5831fec2a919,LNGRIndexMethodology
Longterm Outlook Robotics Despite 2018,https://admin.chi.v6.pressero.com/site/globalx.gsbskyportal.com/Products/Edit/f63f6a1a-e201-4857-bfc5-34092e6cfba4,LongtermOutlookRoboticsDespite2018
Mapping Millennial Spending,https://admin.chi.v6.pressero.com/site/globalx.gsbskyportal.com/Products/Edit/ec1fc6b9-19ba-4f8e-b20d-1ca99f0657d0,MappingMillennialSpending
Millennials and Their Money - Infographic,https://admin.chi.v6.pressero.com/site/globalx.gsbskyportal.com/Products/Edit/536e5a56-88f8-465c-85cd-e25350e80ec5,MillennialsandTheirMoneyInfographic
MILN - Millennials Thematic ETF,https://admin.chi.v6.pressero.com/site/globalx.gsbskyportal.com/Products/Edit/dddee3a3-b1aa-4a38-9e9e-5a4cfcbfce47,MillennialsThematicETF
MILN - Millennials Thematic ETF Index Methodology,https://admin.chi.v6.pressero.com/site/globalx.gsbskyportal.com/Products/Edit/d70f32a0-6464-4b23-a341-445c0942f82f,MILNIndexMethodology
MLP Family Report (Quarterly),https://admin.chi.v6.pressero.com/site/globalx.gsbskyportal.com/Products/Edit/784422d2-f85d-430a-90d6-807173ed55fb,MLPFamilyReportQuarterly
MLP Insights,https://admin.chi.v6.pressero.com/site/globalx.gsbskyportal.com/Products/Edit/aad44a9a-e643-407f-9e7d-d93b5a7e45f5,MLPInsights
MLPA - MLP ETF,https://admin.chi.v6.pressero.com/site/globalx.gsbskyportal.com/Products/Edit/a9c85de1-e097-4a30-86a7-75f5a62e4f03,MLPETF
MLPA - MLP ETF Index Methodology,https://admin.chi.v6.pressero.com/site/globalx.gsbskyportal.com/Products/Edit/dd92cc9c-7157-4a71-b396-152a591b9a67,MLPAMLPETFIndexMethodology
MLPX - MLP and Energy Infrastructure ETF,https://admin.chi.v6.pressero.com/site/globalx.gsbskyportal.com/Products/Edit/54d594fe-446d-48be-88cc-fdbb079260a3,MLPandEnergyInfrastructureETF
MLPX - MLP and Energy Infrastructure ETF Index Methodology,https://admin.chi.v6.pressero.com/site/globalx.gsbskyportal.com/Products/Edit/ac23295b-4e3c-4a7a-8010-e230489af4c8,MLPXIndexMethodology
Model Portfolios - Aggressive Factsheet,https://admin.chi.v6.pressero.com/site/globalx.gsbskyportal.com/Products/Edit/600a0000-569f-0050-8f36-08d69757e658,ModelPortfoliosFactsheetAggressive
Model Portfolios - China Sector Factsheet,https://admin.chi.v6.pressero.com/site/globalx.gsbskyportal.com/Products/Edit/921e1906-3620-4e9d-adc6-3d0cdece5496,ModelPortfoliosChinaSectorFactsheet
Model Portfolios - Conservative Factsheet,https://admin.chi.v6.pressero.com/site/globalx.gsbskyportal.com/Products/Edit/bae40da4-a02e-4811-ad1b-b4044d2b8451,ModelPortfoliosFactsheetConservative
Model Portfolios - Equity Income Factsheet,https://admin.chi.v6.pressero.com/site/globalx.gsbskyportal.com/Products/Edit/d437e9d1-8ab9-4c8f-910c-df75c06ee5f7,ModelPortfoliosFactsheetEquityIncome
Model Portfolios - Equity Sector Themes Factsheet,https://admin.chi.v6.pressero.com/site/globalx.gsbskyportal.com/Products/Edit/f6e91386-82f4-4775-a580-71a528d52d92,ModelPortfoliosFactsheetEquitySectorThemes
Model Portfolios - Moderate Factsheet,https://admin.chi.v6.pressero.com/site/globalx.gsbskyportal.com/Products/Edit/d63e163b-d80c-4f49-baec-711dde61db1b,ModelPortfoliosFactsheetModerate
Model Portfolios - Moderately Aggressive Factsheet,https://admin.chi.v6.pressero.com/site/globalx.gsbskyportal.com/Products/Edit/ee9bb349-57c5-444a-9bc8-d7134b1915cd,ModelPortfoliosFactsheetModeratelyAggressive
Model Portfolios - Moderately Conservative Factsheet,https://admin.chi.v6.pressero.com/site/globalx.gsbskyportal.com/Products/Edit/dcdd1195-4eb5-4ce3-b105-72edde3d8ff0,ModelPortfoliosFactsheetModeratelyConservative
Model Portfolios - Quarterly Performance Report,https://admin.chi.v6.pressero.com/site/globalx.gsbskyportal.com/Products/Edit/85b69c1f-dccb-4d38-bb30-3b129eb2ca9a,ModelPortfoliosQuarterlyPerformanceReport
Model Portfolios - Thematic Disruptors Factsheet,https://admin.chi.v6.pressero.com/site/globalx.gsbskyportal.com/Products/Edit/b4980833-679d-48c4-8c32-71ccc9287a3b,ModelPortfoliosFactsheetThematicDisruptors
Next Big Theme - Thematic Newsletter,https://admin.chi.v6.pressero.com/site/globalx.gsbskyportal.com/Products/Edit/f529c722-b979-428d-b344-c5fcd8cb6216,NextBigThemeThematicNewsletter
NGE - MSCI Nigeria ETF,https://admin.chi.v6.pressero.com/site/globalx.gsbskyportal.com/Products/Edit/2d434783-31df-414a-9797-a7baf10cb3c3,MSCINigeriaETF
NORW - MSCI Norway ETF,https://admin.chi.v6.pressero.com/site/globalx.gsbskyportal.com/Products/Edit/869404fc-99d7-4b4b-9352-4b1a860ef72c,MSCINorwayETF
NYSE China Sector Issuer Spotlight,https://admin.chi.v6.pressero.com/site/globalx.gsbskyportal.com/Products/Edit/e36b5a76-61fc-46db-ac40-33e42ba2b7f3,NYSEChinaSectorIssuerSpotlight
PAK - MSCI Pakistan ETF,https://admin.chi.v6.pressero.com/site/globalx.gsbskyportal.com/Products/Edit/d2c685f6-222f-46c8-abc1-cc94dedc070e,MSCIPakistanETF
PAVE - U.S. Infrastructure Development ETF,https://admin.chi.v6.pressero.com/site/globalx.gsbskyportal.com/Products/Edit/b2a6af1d-38de-40cb-9e58-b1b27ded606a,USInfrastructureDevelopmentETF
PAVE - U.S. Infrastructure Development ETF Index Methodology,https://admin.chi.v6.pressero.com/site/globalx.gsbskyportal.com/Products/Edit/13074c49-5d51-45ce-baf4-bd938cd8f87b,PAVEIndexMethodology
PFFD - U.S. Preferred ETF,https://admin.chi.v6.pressero.com/site/globalx.gsbskyportal.com/Products/Edit/856d8690-22de-44fc-aa5f-bb5f283996ae,USPreferredETF
PFFD - U.S. Preferred ETF Index Methodology,https://admin.chi.v6.pressero.com/site/globalx.gsbskyportal.com/Products/Edit/1bd2b7e7-a6e1-4a40-a4fe-4320cbe22e93,PFFDIndexMethodology
PFFV - Variable Rate Preferred ETF,https://admin.chi.v6.pressero.com/site/globalx.gsbskyportal.com/Products/Edit/1a3bd0b8-eb1c-4361-a5a9-81c41fe6b042,VariableRatePreferredETF
PGAL - MSCI Portugal ETF,https://admin.chi.v6.pressero.com/site/globalx.gsbskyportal.com/Products/Edit/40985c7d-d8ad-4b42-8254-879df3a9ffa9,MSCIPortugalETF
Portfolio Benchmarks,https://admin.chi.v6.pressero.com/site/globalx.gsbskyportal.com/Products/Edit/908538b8-05fe-4acd-99f3-e3ef7630bdb0,PortfolioBenchmarks
Portfolio Catalogue,https://admin.chi.v6.pressero.com/site/globalx.gsbskyportal.com/Products/Edit/780b0000-569f-0050-26fb-08d697582ba5,PortfolioCatalogue
POTX - Cannabis ETF,https://admin.chi.v6.pressero.com/site/globalx.gsbskyportal.com/Products/Edit/ffbad32d-f04f-4131-afe7-2054ffb88b3a,POTXCannabisETF
POTX - Cannabis ETF Index Methodology,https://admin.chi.v6.pressero.com/site/globalx.gsbskyportal.com/Products/Edit/58409645-153e-4a6b-b24a-15fb4c4aee99,POTXIndexMethodology
Preferreds Report,https://admin.chi.v6.pressero.com/site/globalx.gsbskyportal.com/Products/Edit/aee0bae4-9829-4604-be79-dbda6718f82c,PreferredsReport
Q4 and Beyond,https://admin.chi.v6.pressero.com/site/globalx.gsbskyportal.com/Products/Edit/b9babd15-d841-4aff-916f-82423178ab95,Q4andBeyond
QDIV - S&P 500 Quality Dividend ETF,https://admin.chi.v6.pressero.com/site/globalx.gsbskyportal.com/Products/Edit/eea4f1b9-d5fc-423b-8baf-9118c24e5f95,SP500QualityDividendETF
QDIV - S&P 500 Quality Dividend ETF Index Methodology,https://admin.chi.v6.pressero.com/site/globalx.gsbskyportal.com/Products/Edit/78f1d6a6-32ef-4a96-8bce-7867b61f4836,QDIVIndexMethodology
QYLD - Global X Nasdaq 100 Covered Call ETF,https://admin.chi.v6.pressero.com/site/globalx.gsbskyportal.com/Products/Edit/2558ca8b-1469-430a-946b-dea430248a65,Nasdaq100CoveredCallETF
QYLD - Global X Nasdaq 100 Covered Call ETF Index Methodology,https://admin.chi.v6.pressero.com/site/globalx.gsbskyportal.com/Products/Edit/7918939c-a444-460d-bc19-1c2275c6da6d,QYLDIndexMethodology
"QYLD Covered Call Options, Explained",https://admin.chi.v6.pressero.com/site/globalx.gsbskyportal.com/Products/Edit/3c6d150f-d4e3-4743-89d2-c59a5b5e8722,QYLDCoveredCallOptionsExplained
Robotics & Ai: Mapping the Landscape - Infographic,https://admin.chi.v6.pressero.com/site/globalx.gsbskyportal.com/Products/Edit/9b4eba1c-e710-4d92-b767-a9917651f481,RoboticsAiMappingtheLandscapeInfographic
RYLD - Russell 2000 Covered Call ETF,https://admin.chi.v6.pressero.com/site/globalx.gsbskyportal.com/Products/Edit/f9340c62-f2a6-458f-88dc-26bebff83fde,RYLDRussell2000CoveredCallETF
SCID - Scientific Beta Europe ETF,https://admin.chi.v6.pressero.com/site/globalx.gsbskyportal.com/Products/Edit/aeefab79-f782-4a13-8091-09888c172def,ScientificBetaEuropeETF
Scientific Beta Family Guide,https://admin.chi.v6.pressero.com/site/globalx.gsbskyportal.com/Products/Edit/5bc27635-28a8-4ebe-b3fe-d08755fa1b74,ScientificBetaFamilyGuide
Scientific Beta Report,https://admin.chi.v6.pressero.com/site/globalx.gsbskyportal.com/Products/Edit/0a3ccb3b-bde0-4f7a-bac3-d45eb5a60283,ScientificBetaReport
SCIJ - Scientific Beta Japan ETF,https://admin.chi.v6.pressero.com/site/globalx.gsbskyportal.com/Products/Edit/0d404957-3920-4e92-8fe5-95f4d4a6453e,ScientificBetaJapanETF
SCIU - Scientific Beta US ETF,https://admin.chi.v6.pressero.com/site/globalx.gsbskyportal.com/Products/Edit/fe1539be-6b10-4e81-8ac8-ce35f0bd4d17,ScientificBetaUSETF
SCIX - Scientific Beta Asia ex-Japan ETF,https://admin.chi.v6.pressero.com/site/globalx.gsbskyportal.com/Products/Edit/2a28f614-4024-47e5-86bb-74ab134bc3ca,ScientificBetaAsiaexJapanETF
SDEM - MSCI SuperDividend Emerging Markets ETF Index Methodology,https://admin.chi.v6.pressero.com/site/globalx.gsbskyportal.com/Products/Edit/e084d8c0-5388-44f9-ab16-2730ba4f0dec,SDEMIndexMethodology
SDEM - SuperDividend® Emerging Markets ETF,https://admin.chi.v6.pressero.com/site/globalx.gsbskyportal.com/Products/Edit/48fe8928-ab65-4464-ba9f-d93bcb39bda8,SuperDividendEmergingMarketsETF
SDIV - SuperDividend ETF Index Methodology,https://admin.chi.v6.pressero.com/site/globalx.gsbskyportal.com/Products/Edit/820dd938-697e-4fd8-bc40-12802a84df6a,SDIVIndexMethodology
SDIV - SuperDividend® ETF,https://admin.chi.v6.pressero.com/site/globalx.gsbskyportal.com/Products/Edit/4f5017bf-3f18-46c2-b042-ed680bb4aa9c,SuperDividendETF
SDIV Investment Case,https://admin.chi.v6.pressero.com/site/globalx.gsbskyportal.com/Products/Edit/bdc72c95-61e9-4354-bf41-3e37a0d40029,SDIVInvestmentCase
SIL - Silver Miners ETF,https://admin.chi.v6.pressero.com/site/globalx.gsbskyportal.com/Products/Edit/c00810a3-24e6-4817-9ac3-53e7a285cab5,SilverMinersETF
SIL - Silver Miners ETF Index Methodology,https://admin.chi.v6.pressero.com/site/globalx.gsbskyportal.com/Products/Edit/eb15b062-2904-49aa-adb6-d4aec92a81ee,SILIndexMethodology
SNSR - Internet of Things ETF,https://admin.chi.v6.pressero.com/site/globalx.gsbskyportal.com/Products/Edit/c3594bea-c156-4a82-81b5-709c13aac13c,InternetofThingsThematicETF
SNSR - Internet of Things ETF Index Methodology,https://admin.chi.v6.pressero.com/site/globalx.gsbskyportal.com/Products/Edit/331f9656-fbed-4a02-8153-ebe1c085bf25,SNSRIndexMethodology
SOCL- Social Media ETF,https://admin.chi.v6.pressero.com/site/globalx.gsbskyportal.com/Products/Edit/de05232f-d95b-491c-8d38-f0b55e25c598,SocialMediaETF
SOCL- Social Media ETF Index Methodology,https://admin.chi.v6.pressero.com/site/globalx.gsbskyportal.com/Products/Edit/3b247ed7-5f65-433b-a09e-3060dad48b80,SOCLIndexMethodology
SOIL - Fertilizers/Potash ETF,https://admin.chi.v6.pressero.com/site/globalx.gsbskyportal.com/Products/Edit/2455b406-41f2-4c70-89ce-050d33752026,FertilizersPotashETF
SOIL - Fertilizers/Potash ETF Index Methodology,https://admin.chi.v6.pressero.com/site/globalx.gsbskyportal.com/Products/Edit/951f487d-ba99-4174-909d-35339570644e,SOILIndexMethodology
SPFF - SuperIncomeTM Preferred ETF,https://admin.chi.v6.pressero.com/site/globalx.gsbskyportal.com/Products/Edit/9cac38bd-70b2-498b-b41d-ef3997582d52,SuperIncomePreferredETF
SPFF - SuperIncomeTM Preferred ETF Index Methodology,https://admin.chi.v6.pressero.com/site/globalx.gsbskyportal.com/Products/Edit/eebb55fc-2cc6-45b7-81d9-68dba7dde8ed,SPFFIndexMethodology
SPFF Investment Case,https://admin.chi.v6.pressero.com/site/globalx.gsbskyportal.com/Products/Edit/566df549-3272-4105-94ad-f85e2ae1281a,SPFFInvestmentCase
SRET - SuperDividend REIT ETF Index Methodology,https://admin.chi.v6.pressero.com/site/globalx.gsbskyportal.com/Products/Edit/d71af382-daa7-4815-beeb-661186bd234c,SRETIndexMethodology
SRET - SuperDividend® REIT ETF,https://admin.chi.v6.pressero.com/site/globalx.gsbskyportal.com/Products/Edit/b37cc1c9-3555-4fc9-b872-2e4d2d8102e6,SuperDividendREITETF
Stay in Touch - Card,https://admin.chi.v6.pressero.com/site/globalx.gsbskyportal.com/Products/Edit/0d530ef9-2e49-4ac6-934b-e605e7d19407,StayinTouchCard
Stay in Touch - One Pager,https://admin.chi.v6.pressero.com/site/globalx.gsbskyportal.com/Products/Edit/d474cf1f-2863-46c2-9e14-9809e2d57a94,StayinTouchOnePager
SuperDividend Report (Quarterly),https://admin.chi.v6.pressero.com/site/globalx.gsbskyportal.com/Products/Edit/9837cda9-98e6-42c4-a786-acc5e2a1b973,SuperDividendReportQuarterly
TFIV - TargetIncomeTM 5 ETF,https://admin.chi.v6.pressero.com/site/globalx.gsbskyportal.com/Products/Edit/0a5cb6ee-242e-404c-a434-ad303dfb5503,TargetIncome5ETF
TFIV - TargetIncomeTM 5 ETF Index Methodology,https://admin.chi.v6.pressero.com/site/globalx.gsbskyportal.com/Products/Edit/270e76f3-f80d-4eb2-9c7b-f4134a508ed9,TFIVIndexMethodology
TFLT - TargetIncomeTM Plus 2 ETF,https://admin.chi.v6.pressero.com/site/globalx.gsbskyportal.com/Products/Edit/4fd4cc3c-a51b-4df1-9cc6-79882316dd18,TargetIncomePlus2ETF
TFLT - TargetIncomeTM Plus 2 ETF Index Methodology,https://admin.chi.v6.pressero.com/site/globalx.gsbskyportal.com/Products/Edit/4e9c389a-f86f-4029-a56b-b2dff50b8cec,TFLTIndexMethodology
The FERC Ruling and Its Impact on MLPs,https://admin.chi.v6.pressero.com/site/globalx.gsbskyportal.com/Products/Edit/7f6637ac-7f5d-42e6-ab32-2a4856e3c042,TheFERCRulingandItsImpactonMLPs
The Global X Thematic Growth ETF (GXTG): A Multi-Theme Solution,https://admin.chi.v6.pressero.com/site/globalx.gsbskyportal.com/Products/Edit/1e5f65bf-513d-4ba2-b180-e9f91dd1c69a,TheGlobalXThematicGrowthETFGXTGAMultiThemeSolution
Thematic Disruptors Allocation Change Report,https://admin.chi.v6.pressero.com/site/globalx.gsbskyportal.com/Products/Edit/893378d3-930a-465e-acea-60d046423be2,ThematicDisruptorsAllocationChangeReport
Thematic ETF Report (Quarterly),https://admin.chi.v6.pressero.com/site/globalx.gsbskyportal.com/Products/Edit/a6c313ab-31e2-4d15-a4f8-42fb296b712e,ThematicETFReportQuarterly
Thematic Funds,https://admin.chi.v6.pressero.com/site/globalx.gsbskyportal.com/Products/Edit/ec75feda-ece9-445a-9993-8a9ff14a4bd2,ThematicFunds
URA - Uranium ETF,https://admin.chi.v6.pressero.com/site/globalx.gsbskyportal.com/Products/Edit/417bb7dd-88de-4bfe-929f-adf2a2cc363f,UraniumETF
URA - Uranium ETF Index Methodology,https://admin.chi.v6.pressero.com/site/globalx.gsbskyportal.com/Products/Edit/2df5033c-9b9c-4ad8-9f2b-f67978a3fef2,URAUraniumETFIndexMethodology
What 4G's Run Can Teach Us About the 5G Future,https://admin.chi.v6.pressero.com/site/globalx.gsbskyportal.com/Products/Edit/7025d155-7caf-4e89-8ea7-f5588031b965,What4GsRunCanTeachUsAboutthe5GFuture
What's Driving FinTech's Growth,https://admin.chi.v6.pressero.com/site/globalx.gsbskyportal.com/Products/Edit/6621e0e2-1d61-4283-a4a7-06553c2286d5,WhatsDrivingFinTechsGrowth
"What's Driving the Electric Vehicle, Lithium and Battery Markets in 2019",https://admin.chi.v6.pressero.com/site/globalx.gsbskyportal.com/Products/Edit/ba05e512-8559-4383-8753-25e01cef8151,WhatsDrivingtheElectricVehicleLithiumandBatteryMarketsin2019
Who Are Conscious Companies?,https://admin.chi.v6.pressero.com/site/globalx.gsbskyportal.com/Products/Edit/280b0000-569f-0050-5e27-08d697527aa6,WhoAreConsciousCompanies
YLCO - YieldCo & Renewable Energy Income ETF,https://admin.chi.v6.pressero.com/site/globalx.gsbskyportal.com/Products/Edit/b2d0d31b-fd8e-4dde-983d-b829ad50afe4,YieldCoRenewableEnergyIncomeETF
YLCO - YieldCo & Renewable Energy Income ETF Index Methodology,https://admin.chi.v6.pressero.com/site/globalx.gsbskyportal.com/Products/Edit/c68deba4-7887-41c1-95ee-8e437111f4f5,YLCOIndexMethodology
